rank,case,config,model,accuracy,macro_f1,weighted_f1,macro_precision,macro_recall
1,Case 2,transfer_frozen,VGG16,0.54,0.43299769537393296,0.5625913360566825,0.4204248366013072,0.6463093736864228
