rank,case,config,model,accuracy,macro_f1,weighted_f1,macro_precision,macro_recall
1,Case 2,transfer_frozen,VGG16,0.72,0.4937403909510213,0.7180554945457209,0.505709534368071,0.4852206809583859
