rank,case,config,accuracy,f1,precision,recall
1,Case 2,transfer_frozen,0.8516666666666667,0.8512949039264829,0.8534338358458962,0.8491666666666666
