rank,case,config,accuracy,f1,precision,recall
1,Case 2,transfer_frozen,0.8333333333333334,0.8306519898391194,0.8442340791738382,0.8175
