rank,case,config,accuracy,f1,precision,recall
1,Case 2,transfer_frozen,0.8329166666666666,0.8375860672336979,0.8148148148148148,0.8616666666666667
