{"train_loss": [1.3240257481166295, 1.258257269178118, 1.2271458639417376, 1.189054903302874, 1.1486610593114581, 1.0764616870880126, 1.0187706187793186, 0.9641560142380851, 0.9259631415775844, 0.8514147976466587, 0.851745115007673, 0.7897848398344858, 0.7883582758903503, 0.7509738942555019, 0.7463598789487567, 0.7366481610706874, 0.7300848109381539, 0.7068195983341762, 0.6599688003744398, 0.6491671763147626, 0.6533812873704092, 0.6646130309786116, 0.612340909753527, 0.5518786648341588, 0.6286239119938442, 0.5325489956992013, 0.5314455682890756, 0.5055232984679086, 0.4887394312449864, 0.49899437665939333, 0.46708468505314416, 0.45299187796456475, 0.45979790483202254, 0.3998961734771729, 0.35713823335511347, 0.3527598285675049, 0.3556208120073591, 0.3659555547577994, 0.36162392020225526, 0.3545713518347059, 0.32014555786337173, 0.3168892967700958, 0.3713334936755044], "val_loss": [1.2964155356089273, 1.2681706508000692, 1.2430223433176677, 1.2112117433547973, 1.1783625896771748, 1.128800354798635, 1.0794725354512533, 1.0560443925857543, 0.9940871604283651, 0.9724540774027507, 0.9551139946778615, 0.9182962644100189, 0.9139149339993795, 0.8957806285222372, 0.8806747714678447, 0.8599064222971599, 0.8563766924540201, 0.8063746770222981, 0.8481245227654775, 0.8099520766735077, 0.9146177283922832, 0.8356227056185405, 0.8820852903525035, 0.7140197797616323, 0.7593610074122746, 0.713253283103307, 0.748869710167249, 0.6977784367402394, 0.7474627476930619, 0.6515557503700257, 0.61115749279658, 0.6711928224563599, 0.6571324376265207, 0.6752520567178726, 0.7548799111445745, 0.5669450239340464, 0.6802276712656021, 0.6616696602106095, 0.6675435626506805, 0.6215302304426829, 0.6758113992214203, 0.6522088879346848, 0.6604393235842387], "train_acc": [0.3357142857142857, 0.49857142857142855, 0.5514285714285714, 0.6142857142857143, 0.5442857142857143, 0.6471428571428571, 0.6885714285714286, 0.68, 0.6657142857142857, 0.6757142857142857, 0.6514285714285715, 0.6828571428571428, 0.6871428571428572, 0.6685714285714286, 0.7171428571428572, 0.6971428571428572, 0.68, 0.7014285714285714, 0.7185714285714285, 0.73, 0.71, 0.7585714285714286, 0.7614285714285715, 0.7885714285714286, 0.7728571428571429, 0.7714285714285715, 0.7871428571428571, 0.7942857142857143, 0.8028571428571428, 0.7957142857142857, 0.8285714285714286, 0.8142857142857143, 0.81, 0.8357142857142857, 0.8628571428571429, 0.8414285714285714, 0.8628571428571429, 0.8585714285714285, 0.8642857142857143, 0.8742857142857143, 0.8671428571428571, 0.8642857142857143, 0.8757142857142857], "val_acc": [0.4533333333333333, 0.41333333333333333, 0.44, 0.48, 0.52, 0.6, 0.6133333333333333, 0.6066666666666667, 0.6333333333333333, 0.62, 0.66, 0.6466666666666666, 0.66, 0.6266666666666667, 0.64, 0.6533333333333333, 0.6666666666666666, 0.6666666666666666, 0.6733333333333333, 0.68, 0.6466666666666666, 0.6933333333333334, 0.66, 0.7666666666666667, 0.7, 0.7, 0.6933333333333334, 0.7, 0.7, 0.7533333333333333, 0.7466666666666667, 0.7333333333333333, 0.74, 0.7, 0.6866666666666666, 0.76, 0.7133333333333334, 0.7466666666666667, 0.74, 0.7, 0.74, 0.7266666666666667, 0.74]}